Team,Age,W,L,PW,PL,MOV,SOS,SRS,ORtg,DRtg,NRtg,Pace,FTr,3PAr,TS%,Off_eFG%,Off_TOV%,ORB%,Off_FT/FGA,Def_eFG%,Def_TOV%,DRB%,Def_FT/FGA,G,MP,FG,FGA,FG%,3P,3PA,3P%,2P,2PA,2P%,FT,FTA,FT%,ORB,DRB,TRB,AST,STL,BLK,TOV,PF,PTS,Year
Golden State Warriors,28.2,67.0,15.0,67,15,11.63,-0.28,11.35,115.6,104.0,11.6,99.8,0.259,0.359,0.597,0.563,13.2,22.8,0.204,0.486,13.5,74.9,0.198,82,19780,43.0,86.8,0.495,11.9,31.2,0.383,31.0,55.7,0.557,17.7,22.5,0.788,9.4,34.9,44.3,30.3,9.5,6.7,14.7,19.3,115.6,2017
San Antonio Spurs,29.6,61.0,21.0,60,22,7.2,-0.06,7.13,111.1,103.5,7.6,94.2,0.263,0.281,0.564,0.524,12.6,24.0,0.21,0.492,13.5,77.6,0.192,82,19805,41.5,88.3,0.469,9.7,24.8,0.391,31.8,63.5,0.5,18.5,23.2,0.797,10.6,35.7,46.3,25.1,8.4,6.2,14.2,19.3,111.1,2017
Houston Rockets,27.4,55.0,27.0,55,27,5.77,0.08,5.84,114.7,109.0,5.7,100.0,0.304,0.462,0.583,0.545,13.3,24.6,0.233,0.519,13.2,75.8,0.194,82,19780,40.1,86.8,0.462,14.3,40.1,0.357,25.8,46.7,0.552,20.2,26.4,0.766,10.8,33.3,44.1,25.1,8.1,4.3,15.0,19.8,114.7,2017
Toronto Raptors,26.1,51.0,31.0,52,30,4.21,-0.56,3.65,112.3,107.8,4.5,94.7,0.293,0.289,0.561,0.517,11.8,25.0,0.233,0.507,13.5,76.3,0.223,82,19780,41.1,88.6,0.464,9.3,25.6,0.363,31.9,63.1,0.505,20.7,26.0,0.796,11.2,34.3,45.4,19.4,8.7,5.1,13.3,21.9,112.3,2017
Los Angeles Clippers,30.0,51.0,31.0,52,30,4.29,0.13,4.42,112.7,108.2,4.5,96.1,0.312,0.329,0.574,0.537,12.0,21.5,0.233,0.506,12.1,76.9,0.211,82,19755,41.0,86.3,0.475,10.6,28.4,0.375,30.4,57.9,0.525,20.1,26.9,0.745,9.3,35.3,44.6,23.4,7.7,4.4,13.4,20.6,112.7,2017
Utah Jazz,26.8,51.0,31.0,52,30,3.94,0.06,4.0,109.6,105.3,4.3,91.6,0.288,0.327,0.563,0.526,13.2,23.2,0.215,0.493,11.8,78.9,0.195,82,19755,40.2,86.5,0.466,10.5,28.2,0.372,29.8,58.2,0.511,18.6,24.9,0.747,10.2,36.8,47.0,21.9,7.3,5.4,14.8,20.5,109.6,2017
Cleveland Cavaliers,29.2,51.0,31.0,49,33,3.18,-0.31,2.87,113.6,110.3,3.3,96.2,0.275,0.399,0.58,0.547,12.6,21.9,0.206,0.516,11.4,75.8,0.174,82,19880,41.1,87.4,0.47,13.4,34.9,0.384,27.7,52.5,0.528,18.0,24.0,0.748,9.6,35.4,45.0,23.3,6.8,4.1,14.1,18.7,113.6,2017
Boston Celtics,25.9,53.0,29.0,48,34,2.63,-0.39,2.25,111.2,108.4,2.8,96.8,0.273,0.393,0.567,0.525,12.2,21.2,0.22,0.503,12.6,75.3,0.223,82,19755,39.8,87.6,0.454,12.4,34.4,0.359,27.4,53.2,0.515,19.3,23.9,0.807,9.3,33.9,43.2,26.0,7.7,4.3,13.7,21.2,111.2,2017
Washington Wizards,26.0,49.0,33.0,46,36,1.8,-0.45,1.36,111.2,109.3,1.9,97.4,0.254,0.284,0.564,0.528,12.8,24.1,0.199,0.524,13.8,75.5,0.213,82,19855,42.1,88.6,0.475,9.4,25.2,0.372,32.7,63.4,0.515,17.6,22.5,0.784,10.5,33.2,43.6,24.3,8.6,4.2,14.4,21.7,111.2,2017
Miami Heat,26.5,41.0,41.0,44,38,1.06,-0.29,0.77,107.8,106.7,1.1,95.2,0.251,0.314,0.541,0.512,12.4,24.2,0.177,0.496,12.6,76.4,0.22,82,19780,40.8,89.7,0.455,10.3,28.2,0.365,30.5,61.5,0.496,15.9,22.5,0.706,11.1,34.5,45.6,22.2,7.5,6.0,14.0,21.4,107.8,2017
Oklahoma City Thunder,24.7,47.0,35.0,43,39,0.76,0.39,1.14,108.3,107.5,0.8,97.8,0.295,0.295,0.54,0.5,13.2,27.9,0.22,0.511,12.5,79.0,0.218,82,19805,40.1,88.8,0.452,8.6,26.2,0.327,31.5,62.6,0.504,19.5,26.2,0.745,12.4,34.9,47.4,21.3,8.0,5.1,15.2,21.2,108.3,2017
Memphis Grizzlies,29.5,43.0,39.0,42,40,0.49,0.47,0.96,107.7,107.1,0.6,92.3,0.28,0.316,0.535,0.491,12.1,24.8,0.219,0.506,13.6,77.5,0.256,82,19905,39.0,89.6,0.435,10.0,28.3,0.354,29.0,61.2,0.473,19.7,25.1,0.784,11.6,34.3,45.8,22.8,8.5,4.5,13.8,24.0,107.7,2017
Denver Nuggets,25.2,40.0,42.0,42,40,0.51,0.19,0.7,113.2,112.7,0.5,98.3,0.276,0.329,0.568,0.53,13.2,27.3,0.214,0.532,10.9,78.7,0.194,82,19755,41.7,88.9,0.469,10.8,29.2,0.368,31.0,59.7,0.519,19.0,24.5,0.774,11.9,35.1,47.0,25.7,7.0,4.0,15.2,19.4,113.2,2017
Chicago Bulls,26.9,41.0,41.0,42,40,0.43,-0.39,0.03,107.4,107.0,0.4,95.3,0.259,0.256,0.53,0.487,12.3,27.0,0.206,0.507,12.4,76.8,0.169,82,19780,40.4,90.9,0.444,7.9,23.3,0.34,32.4,67.6,0.479,18.8,23.5,0.798,12.7,35.6,48.3,23.6,8.2,5.0,14.2,18.5,107.4,2017
Charlotte Hornets,26.5,36.0,46.0,42,40,0.2,-0.26,-0.07,108.8,108.6,0.2,95.7,0.279,0.335,0.547,0.501,10.7,19.9,0.227,0.523,12.1,79.6,0.164,82,19830,39.1,88.5,0.442,10.4,29.7,0.351,28.7,58.9,0.488,20.1,24.7,0.815,9.1,36.1,45.2,23.9,7.2,4.9,11.9,17.2,108.8,2017
Indiana Pacers,27.0,42.0,40.0,40,42,-0.22,-0.42,-0.64,108.6,108.8,-0.2,95.9,0.261,0.272,0.558,0.516,12.8,21.2,0.212,0.512,13.6,75.5,0.225,82,19855,40.6,87.4,0.465,8.9,23.8,0.376,31.7,63.6,0.498,18.5,22.8,0.81,9.4,34.1,43.4,23.2,8.4,5.2,14.2,20.1,108.6,2017
Milwaukee Bucks,25.6,42.0,40.0,40,42,-0.18,-0.26,-0.45,109.1,109.3,-0.2,94.5,0.274,0.29,0.565,0.527,13.2,21.5,0.21,0.518,13.6,75.4,0.215,82,19780,40.9,86.2,0.474,9.2,25.0,0.37,31.6,61.2,0.516,18.1,23.6,0.768,9.3,33.2,42.5,25.5,8.6,5.6,14.7,21.3,109.1,2017
Portland Trail Blazers,24.8,41.0,41.0,40,42,-0.52,0.3,-0.23,110.3,110.8,-0.5,96.7,0.275,0.322,0.559,0.52,12.5,23.0,0.214,0.508,11.6,76.8,0.241,82,19930,40.4,87.9,0.459,10.6,28.3,0.375,29.8,59.6,0.499,18.8,24.2,0.78,10.3,34.3,44.6,21.6,7.2,5.1,14.0,21.6,110.3,2017
Atlanta Hawks,27.9,43.0,39.0,39,43,-0.85,-0.38,-1.23,104.9,105.7,-0.8,97.4,0.295,0.309,0.541,0.504,14.2,23.6,0.215,0.507,13.8,76.1,0.179,82,19880,38.7,85.8,0.451,9.0,26.5,0.341,29.7,59.3,0.501,18.4,25.3,0.728,10.4,34.6,45.1,24.0,8.3,4.9,16.0,18.5,104.9,2017
Detroit Pistons,25.4,37.0,45.0,38,44,-1.12,-0.17,-1.29,106.0,107.1,-1.1,95.0,0.218,0.263,0.521,0.492,10.9,24.1,0.157,0.516,12.1,81.2,0.197,82,19805,41.7,92.9,0.449,8.0,24.4,0.33,33.6,68.5,0.492,14.5,20.2,0.719,11.6,36.2,47.8,22.1,7.3,4.0,12.4,18.7,106.0,2017
Minnesota Timberwolves,24.0,31.0,51.0,38,44,-1.11,0.47,-0.64,110.8,112.0,-1.2,94.6,0.287,0.249,0.555,0.511,12.9,27.2,0.229,0.535,13.2,75.9,0.212,82,19805,41.4,88.6,0.467,7.7,22.1,0.349,33.7,66.6,0.507,20.3,25.4,0.799,12.0,32.5,44.5,24.8,8.4,4.7,14.7,21.1,110.8,2017
New Orleans Pelicans,25.7,34.0,48.0,35,47,-2.1,0.41,-1.69,105.2,107.4,-2.2,98.0,0.256,0.308,0.539,0.504,11.7,18.5,0.192,0.509,12.4,76.8,0.177,82,19905,39.5,87.7,0.45,9.4,27.0,0.35,30.0,60.7,0.495,16.8,22.4,0.75,8.6,35.4,44.1,23.0,7.8,5.6,13.0,18.3,105.2,2017
Dallas Mavericks,27.6,33.0,49.0,33,49,-2.93,0.4,-2.53,105.6,108.8,-3.2,92.2,0.225,0.366,0.541,0.505,11.6,18.1,0.18,0.529,14.4,77.6,0.218,82,19780,39.0,88.8,0.44,11.6,32.5,0.355,27.5,56.3,0.489,16.0,19.9,0.801,8.5,33.1,41.6,22.4,8.1,4.0,12.8,20.6,105.6,2017
New York Knicks,27.3,31.0,51.0,31,51,-3.67,-0.2,-3.87,107.7,111.5,-3.8,96.0,0.239,0.279,0.534,0.496,12.4,26.6,0.188,0.511,11.7,74.1,0.214,82,19855,40.9,91.4,0.447,8.9,25.5,0.348,32.0,65.9,0.485,17.2,21.8,0.788,12.4,34.3,46.7,22.5,7.3,5.7,14.3,21.0,107.7,2017
Sacramento Kings,27.9,32.0,50.0,31,51,-3.88,0.58,-3.29,107.3,111.3,-4.0,94.9,0.284,0.291,0.556,0.516,13.7,21.0,0.22,0.528,12.9,76.3,0.227,82,19880,39.5,85.7,0.461,9.4,24.9,0.376,30.1,60.8,0.496,18.9,24.3,0.775,9.1,33.7,42.8,23.5,8.0,4.1,15.3,21.2,107.3,2017
Phoenix Suns,25.0,24.0,58.0,27,55,-5.63,0.49,-5.14,106.6,112.2,-5.6,100.3,0.297,0.255,0.538,0.493,13.4,26.0,0.231,0.525,13.1,76.4,0.264,82,19830,39.5,87.6,0.45,7.4,22.4,0.332,32.0,65.3,0.491,20.2,26.1,0.776,11.8,32.7,44.5,19.4,8.1,4.8,15.3,24.5,106.6,2017
Philadelphia 76ers,24.6,28.0,54.0,26,56,-5.7,-0.14,-5.83,103.2,108.9,-5.7,98.5,0.258,0.349,0.539,0.501,14.9,22.4,0.199,0.512,13.5,75.3,0.234,82,19830,37.9,85.9,0.442,10.2,30.0,0.34,27.7,55.9,0.496,17.1,22.2,0.771,9.9,33.2,43.2,23.9,8.5,5.2,16.8,22.0,103.2,2017
Brooklyn Nets,26.0,20.0,62.0,24,58,-6.73,-0.01,-6.74,104.1,110.7,-6.6,101.3,0.289,0.371,0.551,0.507,14.7,19.6,0.228,0.513,11.6,76.1,0.212,82,19755,37.2,83.8,0.444,10.5,31.1,0.338,26.7,52.7,0.506,19.1,24.2,0.788,8.7,34.5,43.2,21.1,7.1,4.6,16.3,20.7,104.1,2017
Orlando Magic,25.3,29.0,53.0,24,58,-6.57,-0.04,-6.61,103.7,110.5,-6.8,96.8,0.246,0.3,0.524,0.489,12.1,21.6,0.184,0.523,11.9,77.4,0.201,82,19805,39.3,89.3,0.44,8.8,26.8,0.328,30.5,62.5,0.488,16.4,21.9,0.747,10.1,34.2,44.3,22.8,7.3,5.0,13.7,19.8,103.7,2017
Los Angeles Lakers,25.1,26.0,56.0,24,58,-6.88,0.58,-6.29,106.0,113.0,-7.0,98.5,0.259,0.295,0.537,0.501,13.5,25.0,0.195,0.542,13.0,75.8,0.213,82,19705,39.9,88.6,0.45,9.0,26.1,0.346,30.8,62.5,0.493,17.3,22.9,0.754,11.5,32.6,44.1,21.2,8.3,4.0,15.4,21.0,106.0,2017
